1|Vladimir|ac.orci@nonquam.com|(575) 803-6724
2|Harper|sem@sed.co.uk|(213) 792-7836
3|Ian|libero@lacusAliquamrutrum.org|(613) 319-7999
4|Drew|in.dolor@vitaedolor.org|(507) 957-9409
5|Scott|adipiscing@bibendumDonec.net|(668) 152-2012
6|Lee|nisi.Mauris@Phasellus.org|(532) 439-4123
7|Bernard|Aliquam.gravida.mauris@molestiearcu.net|(640) 575-1092
8|Steel|consequat.dolor@felisDonec.com|(913) 166-0284
9|Wing|Mauris.non@lobortisnisinibh.com|(430) 755-7259
10|Dale|imperdiet.ullamcorper@noncursusnon.edu|(452) 247-5200
11|Berk|ac.urna@lacuspede.co.uk|(912) 749-1571
12|Omar|Integer.vitae@urnajustofaucibus.com|(869) 926-5670
13|Sean|Proin@libero.ca|(555) 674-8979
14|Brett|Class@Proinegetodio.com|(569) 829-0928
15|Keaton|Aenean@lobortistellusjusto.ca|(267) 207-0515
16|Aaron|lacus.Ut@luctuslobortisClass.co.uk|(704) 550-0491
17|Warren|amet.massa@Fusce.net|(770) 229-0747
18|Oliver|velit.Quisque@condimentumeget.com|(251) 549-6572
19|Tobias|magna.et@nonlaciniaat.co.uk|(332) 420-4147
20|Grady|lorem.tristique.aliquet@etultricesposuere.net|(391) 256-8435
21|Callum|quis@Integeridmagna.net|(862) 195-9440
22|Jacob|nec@musProin.ca|(651) 607-6705
23|Caesar|diam@nunc.co.uk|(848) 148-2010
24|Bruce|auctor.velit.eget@vitaealiquameros.edu|(530) 496-0287
25|Jarrod|libero.dui.nec@egestasurnajusto.org|(903) 927-3702
26|Timon|amet.diam@facilisis.ca|(586) 896-7977
27|Tate|cursus@natoquepenatibus.org|(187) 594-0387
28|Garrison|non.arcu@sedturpisnec.edu|(923) 146-8122
29|Wallace|scelerisque@adipiscingfringillaporttitor.ca|(124) 464-2323
30|Elmo|nunc@mauris.net|(144) 337-8302
31|Kuame|libero@Aeneangravida.net|(840) 976-1174
32|Reuben|eu@Innecorci.co.uk|(884) 500-8261
33|Marsden|at@nisl.edu|(280) 183-3493
34|Hammett|In.condimentum.Donec@sodalesnisi.ca|(598) 278-3357
35|Raphael|vitae.purus.gravida@morbitristique.co.uk|(953) 761-9359
36|Neil|non@nisiMaurisnulla.edu|(386) 849-3304
37|Hu|Praesent@fringillami.com|(607) 185-6976
38|Camden|Nunc@Proin.ca|(635) 214-4246
39|Asher|amet@dictumplacerat.org|(885) 801-0333
40|Reece|eu.eleifend@ullamcorper.org|(569) 458-0813
41|Dorian|sodales.at.velit@purusaccumsaninterdum.org|(336) 535-4135
42|Elton|Nulla.eget.metus@parturient.co.uk|(872) 192-1258
43|Jack|ut@semmagnanec.com|(742) 624-6771
44|Thane|amet.consectetuer@nonegestasa.edu|(489) 664-4627
45|Alexander|Curabitur.sed.tortor@primisinfaucibus.org|(251) 296-0235
46|Demetrius|adipiscing.elit.Aliquam@eratvitaerisus.net|(644) 919-2211
47|Theodore|ornare.lectus.ante@Etiambibendum.com|(866) 167-8974
48|Rahim|sit.amet.dapibus@lorem.net|(299) 696-6731
49|Harding|magnis@viverra.ca|(829) 746-4954
50|Kenneth|facilisis.vitae@mauriselit.co.uk|(878) 387-5764
51|Brady|mauris@arcuimperdietullamcorper.org|(853) 245-1224
52|Len|eget@Mauriseu.com|(938) 697-4140
53|Chaney|Nulla.tempor@tristiquesenectus.ca|(245) 701-7744
54|Xanthus|mattis.ornare.lectus@adipiscingelitCurabitur.org|(240) 218-6903
55|Louis|sagittis@lacuspedesagittis.co.uk|(189) 292-8402
56|Rogan|sagittis@sedliberoProin.net|(415) 876-3828
57|Nasim|odio@Cumsociis.com|(443) 979-2013
58|Kamal|mauris@atlacusQuisque.com|(652) 315-5111
59|Maxwell|sed.est@pharetrafeliseget.com|(429) 748-7237
60|Harrison|nec.euismod@utcursus.com|(546) 737-9771
61|Walter|amet.risus.Donec@diam.org|(617) 556-4655
62|Darius|nunc.nulla@nec.net|(931) 969-4106
63|Reese|In@luctusvulputate.edu|(813) 857-6590
64|Harrison|Aliquam.gravida@aliquamarcuAliquam.ca|(614) 447-7668
65|Rooney|Curae@hymenaeos.com|(633) 975-9288
66|Fulton|Sed@aliquetsemut.org|(624) 877-1523
67|Alden|porttitor.eros.nec@elit.edu|(221) 885-1572
68|Lane|porttitor@ac.com|(362) 222-5211
69|Lev|Integer@liberolacus.org|(145) 619-4436
70|Hoyt|magna.a.tortor@Maurisnulla.com|(296) 597-4552
71|Kennedy|mauris.sapien.cursus@tortorInteger.com|(530) 630-3487
72|Bruce|ac@nulla.org|(682) 381-4018
73|Vaughan|pellentesque@non.org|(471) 105-4477
74|Jonah|Integer.vitae@facilisis.ca|(713) 943-2438
75|Julian|iaculis.lacus.pede@acarcu.net|(551) 571-2766
76|Xander|pellentesque@mattisCraseget.ca|(422) 796-9821
77|Amal|ante@Nullamvelitdui.ca|(598) 531-2337
78|Dean|nulla.vulputate@anteipsum.org|(109) 557-2492
79|Victor|et.magnis.dis@quisurnaNunc.com|(483) 809-8855
80|Jelani|Aliquam.auctor@adui.edu|(463) 922-5738
81|Logan|mi.Aliquam.gravida@Nullasemper.edu|(941) 438-4031
82|Gabriel|eu@auctorodioa.edu|(284) 214-0205
83|Elvis|adipiscing.lobortis@enim.co.uk|(631) 318-2865
84|Sawyer|leo@velsapienimperdiet.com|(241) 137-7598
85|Lionel|ullamcorper.nisl@enimconsequat.net|(986) 138-8600
86|Nicholas|ullamcorper.nisl.arcu@facilisis.net|(571) 423-1404
87|Leroy|montes.nascetur.ridiculus@orciPhasellus.ca|(621) 581-3163
88|Uriah|ultricies.sem.magna@lectus.com|(464) 173-9323
89|Sylvester|a.arcu@duiin.ca|(359) 182-9583
90|Ryder|pede@luctuslobortisClass.net|(888) 359-6142
91|Kamal|risus.Donec.nibh@quisdiamluctus.org|(591) 918-4036
92|Hayden|nisl@tristique.ca|(904) 143-5263
93|Barclay|aliquam.eros@eleifend.co.uk|(809) 861-7502
94|Aaron|dui@ipsumsodales.net|(711) 335-3454
95|James|justo.Proin.non@asollicitudin.ca|(286) 560-3092
96|Nissim|faucibus.orci.luctus@risusaultricies.edu|(513) 766-2750
97|Alan|eu@iaculisaliquet.org|(122) 399-8117
98|Axel|nibh@egestasDuisac.ca|(461) 261-2873
99|Armand|at.velit@orciluctuset.com|(146) 296-4898
100|Kamal|et.rutrum@urna.org|(628) 276-4591
